Id,Label,Category,greedy_community_unweighted,greedy_community_weighted,louvain_community_weighted
0,"""depression""",Discussion,7,7,0
1,"""NFL_Draft""",Entertainment,2,0,7
2,"""RepLadies""",Discussion,5,5,1
3,"""ESFP""",Discussion,4,6,11
4,"""UBC""",Educational,1,1,4
5,"""csMajors""",Educational,0,5,1
6,"""LiverpoolFC""",Entertainment,1,10,6
7,"""Stadia""",Technology,0,0,7
8,"""thanosdidnothingwrong""",Entertainment,3,2,8
9,"""darksouls3""",Entertainment,8,4,9
10,"""askgaybros""",Discussion,5,5,1
11,"""Memes_Of_The_Dank""",Humor,0,1,2
12,"""emulation""",Technology,4,6,11
13,"""EMDR""",Discussion,0,0,7
14,"""unpopularopinion""",Discussion,2,0,9
15,"""LawCanada""",Educational,1,1,4
16,"""CallHerDaddy""",Entertainment,0,0,7
17,"""newzealand""",Other,0,0,7
18,"""Hijabis""",Lifestyle,3,0,7
19,"""aznidentity""",Discussion,9,9,3
20,"""spelunky""",Entertainment,8,4,9
21,"""arcticmonkeys""",Entertainment,0,4,7
22,"""ufc""",Entertainment,1,1,4
23,"""CanadianMOMs""",Defunct,4,0,11
24,"""FoodPorn""",Lifestyle,3,0,7
25,"""aggies""",Educational,0,1,2
26,"""physicshomework""",Educational,1,1,4
27,"""Xboxnews""",Entertainment,3,2,8
28,"""Wealthsimple_Trade""",Educational,0,1,2
29,"""Kaiserposting""",Humor,9,9,3
30,"""ghostoftsushima""",Entertainment,0,4,2
31,"""infertility""",Educational,10,8,7
32,"""qatar""",Other,1,1,4
33,"""learnprogramming""",Technology,0,3,2
34,"""SmallYTChannel""",Entertainment,0,5,1
35,"""anesthesiology""",Educational,1,1,4
36,"""Speedskating""",Entertainment,2,0,7
37,"""powerlifting""",Lifestyle,0,0,2
38,"""incremental_games""",Entertainment,1,0,7
39,"""Dentistry""",Educational,3,0,4
40,"""software""",Educational,0,3,2
41,"""NelkFilmz""",Entertainment,5,5,1
42,"""AppleMusic""",Entertainment,3,2,8
43,"""pcmasterrace""",Technology,1,1,4
44,"""TeenAmIUgly""",General,2,1,4
45,"""singapore""",Other,1,1,4
46,"""gradadmissions""",Educational,1,1,4
47,"""DunderMifflin""",Entertainment,0,3,2
48,"""Flights""",Hobbies/Occupations,6,2,10
49,"""AlexeiIsAlive""",Other,9,9,3
50,"""crime""",Other,0,3,2
51,"""Healthygamergg""",Entertainment,8,4,9
52,"""hoi4""",Entertainment,9,9,3
53,"""conspiracy""",Other,5,5,1
54,"""FreeGamesOnSteam""",Entertainment,2,0,7
55,"""anticentrism""",Humor,9,9,3
56,"""GameTheorists""",Discussion,3,2,8
57,"""resumes""",Educational,3,2,8
58,"""Dreams""",Lifestyle,0,0,7
59,"""cats""",Animals,0,3,2
60,"""digitalfoundry""",Entertainment,3,2,8
61,"""learn_arabic""",Educational,2,3,5
62,"""Witcher3""",Entertainment,4,0,11
63,"""laptops""",Technology,0,0,7
64,"""UofC""",Educational,0,0,7
65,"""TheYouShow""",Other,7,7,0
66,"""patientgamers""",Entertainment,3,2,8
67,"""Cooking""",Lifestyle,6,0,7
68,"""RandomActsOfMuffDive""",NSFW,0,3,2
69,"""shittyfoodporn""",Lifestyle,1,0,7
70,"""seoul""",Other,6,0,7
71,"""houston""",Other,1,1,4
72,"""Shrek""",Entertainment,0,1,2
73,"""PS5""",Technology,2,0,7
74,"""onguardforthee""",Other,3,2,8
75,"""wholesomememes""",Humor,0,3,2
76,"""HydroHomies""",Humor,3,2,8
77,"""TooAfraidToAsk""",Discussion,0,3,2
78,"""Seiko""",Hobbies/Occupations,7,7,0
79,"""Kaiserreich""",Entertainment,9,9,3
80,"""PinkpillFeminism""",Defunct,10,8,7
81,"""Supernatural""",Entertainment,0,0,7
82,"""motogp""",Hobbies/Occupations,7,7,0
83,"""UFOs""",Other,0,3,2
84,"""Eyebleach""",Other,8,4,9
85,"""premed""",Educational,0,1,4
86,"""statistics""",Educational,5,5,1
87,"""alberta""",Other,2,0,8
88,"""ESFJ""",Discussion,4,6,11
89,"""notopbutok""",Humor,7,7,0
90,"""Banff""",Other,1,5,4
91,"""BabyBumps""",Lifestyle,10,8,7
92,"""gaming""",Entertainment,0,1,2
93,"""kindness""",Other,3,0,7
94,"""CODWarzone""",Entertainment,1,0,7
95,"""LifeProTips""",Lifestyle,7,7,0
96,"""Supremacy1914""",Entertainment,0,0,7
97,"""Mcat""",Educational,1,1,4
98,"""PublicFreakout""",Other,2,0,7
99,"""vancouver""",Other,1,1,4
100,"""socialanxiety""",Discussion,0,0,7
101,"""TrueAskReddit""",Discussion,4,6,11
102,"""MBTIPlus""",Other,4,6,11
103,"""BanVideoGames""",Other,8,4,9
104,"""XiaomiMi8""",Technology,2,0,7
105,"""vegan""",Lifestyle,0,0,7
106,"""ptsd""",Lifestyle,0,4,4
107,"""pcgaming""",Technology,1,8,7
108,"""Journalism""",Educational,7,7,0
109,"""porn""",NSFW,0,3,2
110,"""CanadianForces""",Hobbies/Occupations,2,0,7
111,"""rprogramming""",Technology,2,3,5
112,"""nottheonion""",Humor,3,2,8
113,"""dontputyourdickinthat""",Humor,0,0,2
114,"""AskHistorians""",Discussion,6,1,4
115,"""namenerds""",Hobbies/Occupations,10,8,7
116,"""bioinformatics""",Educational,2,3,5
117,"""masseffect""",Entertainment,3,2,8
118,"""calculus""",Educational,6,2,10
119,"""malefashionadvice""",Lifestyle,0,4,7
120,"""XboxSeriesX""",Technology,3,2,8
121,"""aww""",Other,0,4,4
122,"""investing""",Educational,2,0,11
123,"""LogitechG""",Technology,1,10,6
124,"""SeriesXbox""",Technology,3,2,8
125,"""XboxSeriesS""",Technology,3,2,8
126,"""Showerthoughts""",Discussion,7,7,0
127,"""thinkpad""",Technology,5,5,1
128,"""lost""",Entertainment,0,3,2
129,"""whatisthisanimal""",Animals,2,3,5
130,"""MuslimMarriage""",Lifestyle,1,8,7
131,"""ShadowPC""",Technology,7,7,0
132,"""volleyball""",Entertainment,1,0,7
133,"""buildapc""",Hobbies/Occupations,1,8,7
134,"""FinalFantasy""",Entertainment,3,2,8
135,"""mercedes_benz""",Hobbies/Occupations,3,2,8
136,"""INTP""",Discussion,4,6,11
137,"""mac""",Technology,4,6,11
138,"""Futurology""",Technology,1,1,4
139,"""Whatcouldgowrong""",Other,0,3,2
140,"""linguistics""",Educational,1,8,7
141,"""homegym""",Lifestyle,0,4,7
142,"""dwarffortress""",Entertainment,7,7,0
143,"""study""",Educational,0,0,7
144,"""SofiawithanF""",Entertainment,0,0,7
145,"""alzhang8""",Other,1,0,7
146,"""EDC""",Lifestyle,0,0,1
147,"""Bestbuy""",Other,2,0,7
148,"""TorontoRenting""",Lifestyle,1,1,4
149,"""GoogleWiFi""",Technology,3,2,8
150,"""FifaCareers""",Entertainment,3,2,8
151,"""microsoft""",Technology,3,2,8
152,"""chemistryhomework""",Educational,2,1,4
153,"""SportSelecters""",Defunct,2,0,7
154,"""Indian_Academia""",Educational,1,1,4
155,"""ISTJ""",Other,4,6,11
156,"""Fitness""",Lifestyle,0,0,2
157,"""ZodiacKiller""",Other,0,3,2
158,"""probabilitytheory""",Educational,0,0,7
159,"""FosterThePeople""",Entertainment,7,7,0
160,"""marvelstudios""",Entertainment,0,3,2
161,"""premeduk""",Educational,1,1,4
162,"""estp""",Other,4,6,11
163,"""NewTubers""",Entertainment,0,5,1
164,"""TIHI""",Humor,6,2,10
165,"""distantsocializing""",Other,7,7,0
166,"""funny""",Humor,0,0,7
167,"""DesignerReps""",Lifestyle,5,5,1
168,"""Calgary""",Other,6,0,7
169,"""isfj""",Other,4,6,11
170,"""csgomarketforum""",Entertainment,2,0,7
171,"""FashionRepsBST""",Lifestyle,5,5,1
172,"""LateStageCapitalism""",Other,3,2,8
173,"""AmongUsFriendFinder""",Other,6,2,10
174,"""TheStrokes""",Entertainment,0,4,7
175,"""anime_titties""",General,2,0,7
176,"""AlternativeHealth""",Lifestyle,0,0,7
177,"""assassinscreed""",Entertainment,3,2,8
178,"""Naruto""",Entertainment,4,6,11
179,"""iPhoneX""",Technology,3,2,8
180,"""CESB""",Lifestyle,2,0,8
181,"""geegees""",Educational,10,8,7
182,"""kia""",Hobbies/Occupations,1,0,7
183,"""reddeadredemption""",Entertainment,0,0,7
184,"""metacanada""",Other,2,0,4
185,"""UCalgary""",Educational,0,0,7
186,"""PERSoNA""",Other,8,4,9
187,"""FortniteCompetitive""",Entertainment,5,5,1
188,"""anime""",Entertainment,2,0,9
189,"""pics""",General,0,3,2
190,"""paradoxplaza""",Entertainment,9,9,3
191,"""spotify""",Entertainment,6,2,8
192,"""AIfreakout""",Other,7,7,0
193,"""Office365""",Technology,3,2,8
194,"""picsofthingsincalgary""",General,2,0,7
195,"""cs50""",Educational,0,3,2
196,"""IWantOut""",Other,2,1,4
197,"""dontdeadopeninside""",Other,7,7,0
198,"""Anki""",Educational,1,1,4
199,"""unexpectedfactorial""",Other,6,2,10
200,"""AskWomen""",Discussion,2,0,7
201,"""freecheggresults""",Other,0,0,7
202,"""AskPhysics""",Discussion,6,1,4
203,"""photoshopbattles""",General,0,3,2
204,"""French""",Educational,0,4,7
205,"""ucla""",Educational,5,5,1
206,"""Edmonton""",Other,2,0,7
207,"""drawing""",Hobbies/Occupations,1,10,6
208,"""headphones""",Technology,5,5,1
209,"""HomeworkHelp""",Educational,1,1,4
210,"""xboxone""",Technology,4,6,8
211,"""askSingapore""",Discussion,1,1,4
212,"""stockx""",Other,5,5,1
213,"""MBTIDating""",Lifestyle,4,6,11
214,"""Cringetopia""",Humor,0,0,2
215,"""premedcanada""",Educational,1,1,4
216,"""mountandblade""",Entertainment,7,7,0
217,"""JapanTravel""",Hobbies/Occupations,6,0,7
218,"""unimelb""",Educational,2,3,5
219,"""melbourne""",Other,2,3,5
220,"""curlyhair""",Lifestyle,1,10,6
221,"""RStudio""",Technology,2,3,5
222,"""hiphopheads""",Entertainment,1,1,4
223,"""MECoOp""",Entertainment,3,2,8
224,"""TNOmod""",Entertainment,9,9,3
225,"""bannersaga""",Entertainment,7,7,0
226,"""math""",Educational,6,2,10
227,"""RepTime""",Lifestyle,5,5,1
228,"""Horses""",Animals,5,5,1
229,"""teenagers""",Discussion,0,0,2
230,"""Minecraft""",Entertainment,0,1,2
231,"""Markiplier""",Entertainment,0,0,7
232,"""VALORANT""",Entertainment,0,0,2
233,"""BoJackHorseman""",Entertainment,1,8,7
234,"""EnglishLearning""",Educational,0,3,2
235,"""school_memes""",Humor,0,1,2
236,"""writing""",Hobbies/Occupations,8,4,9
237,"""comedyheaven""",Humor,8,4,9
238,"""takemysurvey""",Other,0,0,2
239,"""legaladvice""",Discussion,5,5,1
240,"""FemaleDatingStrategy""",Discussion,10,8,7
241,"""pokemontrades""",Entertainment,4,6,11
242,"""CFA""",Educational,2,0,7
243,"""shaw""",Technology,6,0,7
244,"""DiagnoseMe""",Lifestyle,2,0,7
245,"""IncreasinglyVerbose""",Humor,6,2,10
246,"""HaircareScience""",Lifestyle,6,2,10
247,"""CalgaryFlames""",Entertainment,0,0,7
248,"""MemeTemplatesOfficial""",Humor,0,4,2
249,"""piercing""",Lifestyle,6,0,7
250,"""madlads""",Humor,0,0,0
251,"""HentaiBreeding""",NSFW,0,3,2
252,"""Gamingcirclejerk""",Humor,8,4,9
253,"""Destiny""",Entertainment,2,0,7
254,"""chemhelp""",Educational,1,1,4
255,"""hentai""",NSFW,0,3,2
256,"""DontFundMe""",Humor,7,7,0
257,"""FORTnITE""",Entertainment,0,1,2
258,"""OnePiece""",Entertainment,2,0,7
259,"""Forex""",Lifestyle,2,0,7
260,"""cyberpunkgame""",Entertainment,1,0,7
261,"""AskOldPeople""",Discussion,1,1,4
262,"""skipthedishes""",Lifestyle,2,0,7
263,"""Fallout""",Entertainment,0,0,7
264,"""IllegalLifeProTips""",Humor,5,5,1
265,"""sadcringe""",Other,8,4,9
266,"""FamilyMedicine""",Hobbies/Occupations,1,1,4
267,"""modernwarfare""",Entertainment,0,0,7
268,"""mildlyinfuriating""",General,8,4,9
269,"""videos""",General,0,3,2
270,"""Supplements""",Lifestyle,0,0,7
271,"""telus""",Technology,3,2,8
272,"""oasis""",Entertainment,5,5,7
273,"""UniversityOfHouston""",Educational,0,1,2
274,"""EngineeringGradSchool""",Educational,3,0,9
275,"""amazon""",Technology,6,2,10
276,"""snoovatars""",Other,7,7,0
277,"""gamingsuggestions""",Entertainment,0,4,2
278,"""betterCallSaul""",Entertainment,0,3,2
279,"""HIMYM""",Entertainment,0,0,1
280,"""textbookrequest""",Other,8,4,1
281,"""PewdiepieSubmissions""",Entertainment,0,0,2
282,"""solotravel""",Lifestyle,1,1,4
283,"""Polcompball""",Humor,9,9,3
284,"""microgrowery""",Hobbies/Occupations,2,0,7
285,"""TrentUniversity""",Educational,2,0,7
286,"""nus""",Educational,0,0,7
287,"""ShitAmericansSay""",Humor,6,2,8
288,"""Network""",Educational,5,5,1
289,"""dubai""",Other,1,1,4
290,"""cscareerquestions""",Hobbies/Occupations,6,2,10
291,"""Windows10""",Technology,6,1,4
292,"""Astronomy""",Educational,3,0,9
293,"""jobs""",Hobbies/Occupations,3,0,7
294,"""civcrafter""",Entertainment,0,0,7
295,"""infp""",Lifestyle,4,6,11
296,"""ShadowBan""",Other,0,4,1
297,"""SampleSize""",Discussion,0,0,2
298,"""LivingMas""",Lifestyle,9,9,3
299,"""DHExchange""",Technology,0,3,2
300,"""dankmemes""",Humor,0,4,2
301,"""WeAreTheMusicMakers""",Hobbies/Occupations,5,5,1
302,"""askadentist""",Discussion,0,0,7
303,"""ontario""",Other,0,3,2
304,"""EDM""",Entertainment,5,5,1
305,"""Surface""",Technology,6,2,8
306,"""engineer""",Defunct,1,10,6
307,"""OldSchoolCool""",General,7,7,0
308,"""javahelp""",Educational,5,5,7
309,"""MbtiTypeMe""",Lifestyle,4,6,11
310,"""chronotrigger""",Entertainment,3,2,8
311,"""Market76""",Entertainment,0,0,7
312,"""AskEngineers""",Discussion,2,0,7
313,"""mythbusters""",Entertainment,0,1,2
314,"""StarWars""",Entertainment,0,1,2
315,"""ActualPublicFreakouts""",Other,2,0,7
316,"""abortion""",Lifestyle,10,8,7
317,"""Advice""",Discussion,2,1,4
318,"""medicine""",Educational,1,1,4
319,"""fican""",Lifestyle,1,1,4
320,"""localgirlshookups""",Defunct,0,3,2
321,"""OutOfTheLoop""",Discussion,8,4,9
322,"""HotWheels""",Entertainment,0,3,2
323,"""DHgate""",Hobbies/Occupations,5,5,1
324,"""grindr""",Lifestyle,6,2,10
325,"""lookatmydog""",Animals,0,4,4
326,"""nattyorjuice""",Lifestyle,0,0,2
327,"""FlashTV""",Entertainment,3,2,8
328,"""AskMenOver30""",Discussion,1,1,4
329,"""paradoxpolitics""",Other,9,9,3
330,"""PersiaDidNothingWrong""",Humor,9,9,3
331,"""movies""",Entertainment,0,3,2
332,"""MinecraftMemes""",Humor,0,1,2
333,"""ABCDesis""",Other,1,1,4
334,"""DragonsDogma""",Entertainment,3,2,8
335,"""poker""",Hobbies/Occupations,2,0,7
336,"""rs2vietnam""",Entertainment,2,0,7
337,"""Gintama""",Entertainment,3,0,9
338,"""beards""",Lifestyle,0,0,7
339,"""PartneredYoutube""",Hobbies/Occupations,5,5,1
340,"""lifting""",Lifestyle,0,0,2
341,"""TheDragonPrince""",Entertainment,0,4,2
342,"""RecruitCS""",Hobbies/Occupations,0,4,2
343,"""neuroscience""",Educational,1,1,4
344,"""Games""",Entertainment,3,4,8
345,"""history""",Educational,10,8,7
346,"""goodanimemes""",Humor,2,0,7
347,"""econhw""",Educational,3,2,8
348,"""VideoGameDealsCanada""",Other,3,2,8
349,"""bootroom""",Hobbies/Occupations,1,1,4
350,"""HeistTeams""",Hobbies/Occupations,4,0,11
351,"""youtube""",Entertainment,4,6,1
352,"""eagles""",Entertainment,2,0,7
353,"""footballhighlights""",Entertainment,3,2,8
354,"""Twitch""",Entertainment,4,6,11
355,"""PickAnAndroidForMe""",Technology,1,10,6
356,"""news""",Other,0,3,2
357,"""Warframe""",Entertainment,6,2,10
358,"""friends_tv_show""",Entertainment,0,0,1
359,"""edge""",Technology,3,2,8
360,"""ifyoulikeblank""",Other,1,1,4
361,"""iRacing""",Entertainment,2,0,7
362,"""CanadaCoronavirus""",Other,1,1,4
363,"""askdentists""",Discussion,0,0,7
364,"""LoveForLandlords""",Other,9,9,3
365,"""entj""",Lifestyle,4,6,11
366,"""Microbiome""",Educational,0,0,7
367,"""Veterinary""",Hobbies/Occupations,0,0,7
368,"""Gold""",Other,2,0,7
369,"""NoStupidQuestions""",Discussion,8,4,9
370,"""AskAmericans""",Discussion,2,3,5
371,"""CovIdiots""",Other,3,2,8
372,"""nsfw_zhentai""",NSFW,0,3,2
373,"""ShitPostCrusaders""",Humor,8,4,9
374,"""expats""",Lifestyle,1,1,4
375,"""space""",Educational,1,1,4
376,"""wargame""",Entertainment,9,9,3
377,"""GuestBlogging""",Hobbies/Occupations,10,8,7
378,"""GamingLaptops""",Technology,0,0,7
379,"""AskMen""",Entertainment,4,6,4
380,"""LSAT""",Educational,1,1,4
381,"""pokemongo""",Entertainment,0,0,7
382,"""bapcsalescanada""",Other,1,0,7
383,"""Accounting""",Hobbies/Occupations,2,0,7
384,"""TheOriginals""",Entertainment,0,0,2
385,"""mbti""",Lifestyle,4,6,11
386,"""LockdownSkepticism""",Other,1,1,4
387,"""bapccanada""",Technology,2,0,7
388,"""acne""",Lifestyle,0,0,7
389,"""trees""",Lifestyle,7,7,0
390,"""domyhomeworkforme""",Defunct,2,1,4
391,"""GlobalOffensiveTrade""",Entertainment,1,10,6
392,"""golf""",Hobbies/Occupations,2,0,7
393,"""MRU""",Educational,0,0,7
394,"""PoliticalHumor""",Humor,2,0,7
395,"""AskAcademia""",Discussion,2,3,5
396,"""shield""",Entertainment,3,2,8
397,"""saxophone""",Hobbies/Occupations,0,3,2
398,"""SkincareAddiction""",Lifestyle,0,0,7
399,"""oneplus""",Technology,0,0,2
400,"""PersonalFinanceCanada""",Lifestyle,2,0,4
401,"""INTJexperience""",Lifestyle,4,6,11
402,"""techsupport""",Hobbies/Occupations,3,1,4
403,"""PhysicsHelp""",Educational,1,1,4
404,"""LoveForLawEnforcement""",Other,9,9,3
405,"""HikingAlberta""",Hobbies/Occupations,1,0,7
406,"""insaneparents""",Other,6,2,10
407,"""Endgame""",Entertainment,0,1,2
408,"""bodyweightfitness""",Lifestyle,0,1,4
409,"""ENFP""",Lifestyle,4,6,11
410,"""Nioh""",Entertainment,8,4,9
411,"""TimAndEric""",Entertainment,0,3,2
412,"""sex""",Lifestyle,0,3,2
413,"""GirlGamers""",Other,2,3,5
414,"""FashionReps""",Lifestyle,7,5,1
415,"""MonsterHunterWorld""",Entertainment,0,4,2
416,"""tropico""",Entertainment,9,9,3
417,"""Watches""",Lifestyle,7,7,0
418,"""insects""",Animals,2,0,7
419,"""CanadianInvestor""",Lifestyle,2,0,7
420,"""uAlberta""",Educational,1,1,4
421,"""teslamotors""",Technology,5,5,1
422,"""TheSilphRoad""",Entertainment,0,3,2
423,"""Brampton""",Other,1,1,4
424,"""rayban""",Lifestyle,5,5,1
425,"""medicalschool""",Educational,1,1,4
426,"""pokemon""",Entertainment,0,4,2
427,"""AskProfessors""",Discussion,6,2,10
428,"""FortNiteBR""",Entertainment,5,5,1
429,"""holdmycosmo""",Humor,0,0,2
430,"""Guitar""",Hobbies/Occupations,5,5,7
431,"""TheBoys""",Entertainment,9,9,3
432,"""ReptimeBST""",Other,5,5,1
433,"""lawschooladmissions""",Educational,1,1,4
434,"""AskDocs""",Discussion,10,8,7
435,"""ios""",Technology,3,2,8
436,"""fo76""",Entertainment,0,0,7
437,"""BikiniBottomTwitter""",Humor,8,4,9
438,"""fuckramos""",Humor,3,2,8
439,"""blackopscoldwar""",Entertainment,4,6,1
440,"""xbox""",Entertainment,4,6,11
441,"""potplayer""",Technology,0,3,2
442,"""macgaming""",Entertainment,4,6,11
443,"""SeishunButaYarou""",Entertainment,8,4,9
444,"""unexpectedhogwarts""",Humor,3,2,8
445,"""ImmigrationCanada""",Lifestyle,6,2,10
446,"""6thForm""",Educational,2,0,7
447,"""uwaterloo""",Educational,1,4,4
448,"""HunterXHunter""",Entertainment,4,6,11
449,"""FreeKarma4U""",Other,2,1,2
450,"""CheggAnswers""",Educational,2,1,4
451,"""Steam""",Entertainment,2,0,7
452,"""optometry""",Educational,1,1,4
453,"""EngineeringStudents""",Educational,5,5,7
454,"""medicalschoolEU""",Educational,1,1,4
455,"""Zoom""",Technology,2,3,5
456,"""askwomenadvice""",Discussion,2,0,7
457,"""Silverbugs""",Hobbies/Occupations,2,0,7
458,"""UberEATS""",Technology,5,5,1
459,"""entp""",Lifestyle,4,6,11
460,"""CaneCorso""",Animals,0,4,4
461,"""costochondritis""",Lifestyle,0,0,7
462,"""MBA""",Educational,8,4,9
463,"""nba""",Other,1,4,4
464,"""jackstauber""",Entertainment,7,7,0
465,"""jurassicworldevo""",Entertainment,0,3,2
466,"""Harvard""",Educational,5,5,1
467,"""Monitors""",Technology,2,0,7
468,"""neuro""",Educational,1,1,4
469,"""Cow""",Animals,1,0,7
470,"""GiftofGames""",Entertainment,4,6,11
471,"""SurreyBC""",Other,1,1,4
472,"""velvethippos""",Animals,0,4,4
473,"""travel""",Hobbies/Occupations,6,0,7
474,"""IWantToLearn""",Educational,4,6,11
475,"""memes""",Humor,0,0,2
476,"""formula1""",Entertainment,7,7,0
477,"""translator""",Hobbies/Occupations,0,0,7
478,"""trollingforababy""",Humor,10,8,7
479,"""vagabondmanga""",Entertainment,8,4,9
480,"""PS4""",Entertainment,2,0,7
481,"""CrusaderKings""",Entertainment,7,7,0
482,"""Toyota""",Hobbies/Occupations,2,0,7
483,"""UnresolvedMysteries""",Discussion,0,3,2
484,"""DentalSchool""",Educational,1,1,4
485,"""AmongUs""",Entertainment,0,4,2
486,"""Persona5""",Entertainment,8,4,9
487,"""musicproduction""",Hobbies/Occupations,4,6,11
488,"""germany""",Other,10,8,7
489,"""Egypt""",Other,1,10,6
490,"""russia""",Other,0,0,7
491,"""StardustCrusaders""",Entertainment,8,4,9
492,"""PoliticalScience""",Educational,10,8,7
493,"""MurderedByWords""",Other,3,2,8
494,"""makinghiphop""",Hobbies/Occupations,4,6,11
495,"""FACEITEnhancer""",Technology,1,10,6
496,"""theivyleague""",Entertainment,1,1,4
497,"""FIFA""",Entertainment,1,10,6
498,"""OculusQuest""",Technology,0,0,7
499,"""korea""",Other,6,0,7
500,"""DarkHumorAndMemes""",Humor,0,0,2
501,"""Autoflowers""",Lifestyle,2,0,7
502,"""internetparents""",Discussion,6,2,10
503,"""forhire""",Hobbies/Occupations,5,5,1
504,"""Spanish""",Educational,0,3,2
505,"""doordash_drivers""",Entertainment,0,1,2
506,"""antinatalism""",Lifestyle,10,8,7
507,"""stanford""",Educational,0,1,2
508,"""eu4""",Entertainment,9,9,3
509,"""ParadoxExtra""",Entertainment,9,9,3
510,"""canada""",Other,0,0,4
511,"""terriblefandommemes""",Humor,8,4,9
512,"""toronto""",Other,1,1,4
513,"""college""",Educational,1,1,4
514,"""Angryupvote""",Other,3,2,8
515,"""whatsthisbug""",Animals,6,2,10
516,"""Banking""",Discussion,6,2,10
517,"""isfp""",Lifestyle,4,6,11
518,"""Animemes""",Entertainment,0,0,7
519,"""askscience""",Discussion,0,1,4
520,"""GoldHunt""",Entertainment,0,0,9
521,"""PoliticalCompassMemes""",Humor,2,0,3
522,"""india""",Other,0,1,4
523,"""amiugly""",General,2,1,4
524,"""Periods""",Lifestyle,0,0,7
525,"""relationships""",Lifestyle,0,0,2
526,"""istp""",Lifestyle,4,6,11
527,"""actuallesbians""",Lifestyle,0,4,2
528,"""loseit""",Lifestyle,10,8,7
529,"""mbtimemes""",Humor,4,6,11
530,"""neoliberal""",Other,9,9,3
531,"""rareinsults""",Other,7,7,0
532,"""Art""",Educational,1,10,6
533,"""relationship_advice""",Discussion,0,0,7
534,"""referralcodes""",Other,6,0,7
535,"""Ergonomics""",Lifestyle,2,3,5
536,"""studyAbroad""",Educational,0,0,7
537,"""Anxiety""",Discussion,0,0,7
538,"""predental""",Educational,1,1,4
539,"""dragonage""",Entertainment,7,7,0
540,"""buildmeapc""",Technology,10,8,7
541,"""careerguidance""",Discussion,1,1,4
542,"""slavelabour""",Hobbies/Occupations,5,5,1
543,"""mcgill""",Educational,0,4,7
544,"""puppy101""",Animals,2,0,7
545,"""insanepeoplefacebook""",Entertainment,0,0,7
546,"""FACEITcom""",Entertainment,1,10,6
547,"""Sneakers""",Lifestyle,5,5,1
548,"""pathofexile""",Entertainment,1,0,7
549,"""FortNiteLFG""",Entertainment,5,5,1
550,"""GamingLeaksAndRumours""",Entertainment,3,2,8
551,"""PhotoshopRequest""",Hobbies/Occupations,2,1,4
552,"""nbadiscussion""",Discussion,1,1,4
553,"""Nelk""",Entertainment,5,5,1
554,"""infj""",Lifestyle,4,6,11
555,"""NarcoFootage""",Discussion,0,3,2
556,"""enfj""",Lifestyle,4,6,11
557,"""Mafia""",Entertainment,0,3,2
558,"""xbox360""",Technology,3,2,8
559,"""hockey""",Entertainment,0,0,7
560,"""meme""",Humor,0,0,2
561,"""insomnia""",Lifestyle,4,6,11
562,"""antimaskers""",Lifestyle,3,2,8
563,"""engineering""",Educational,1,10,6
564,"""Jreg""",Entertainment,9,9,3
565,"""WhiteClaw""",Lifestyle,5,5,1
566,"""DiWHY""",Hobbies/Occupations,0,0,2
567,"""Sekiro""",Entertainment,8,4,9
568,"""printmaking""",Hobbies/Occupations,6,2,10
569,"""AskACanadian""",Discussion,1,1,4
570,"""EICERB""",Lifestyle,5,5,1
571,"""torontoraptors""",Entertainment,1,1,4
572,"""ABraThatFits""",Other,0,0,2
573,"""DecidingToBeBetter""",Lifestyle,10,8,7
574,"""obs""",Technology,3,2,8
575,"""Candida""",Lifestyle,0,0,7
576,"""KissAnime""",Entertainment,2,0,7
577,"""Rottweiler""",Animals,7,7,0
578,"""GuitarHero""",Entertainment,5,5,1
579,"""TameImpala""",Entertainment,0,4,7
580,"""TEFL""",Educational,1,1,4
581,"""AskReddit""",Discussion,0,0,8
582,"""mr2""",Hobbies/Occupations,2,0,7
583,"""CumHentai""",NSFW,0,3,2
584,"""darksouls""",Entertainment,8,4,9
585,"""JoyDivision""",Entertainment,0,4,7
586,"""iOSBeta""",Technology,3,2,8
587,"""impregnation""",NSFW,0,3,2
588,"""Eldenring""",Entertainment,8,4,9
589,"""rant""",Lifestyle,3,0,7
590,"""suicidebywords""",Other,3,2,8
591,"""askTO""",Discussion,2,1,4
592,"""NoFap""",Lifestyle,5,5,1
593,"""gameDevClassifieds""",Hobbies/Occupations,8,4,9
594,"""financialindependence""",Lifestyle,1,1,4
595,"""wallstreetbets""",Lifestyle,2,0,7
596,"""MedSchoolCanada""",Educational,1,1,4
597,"""futurehouse""",Entertainment,5,5,1
598,"""learnmath""",Educational,6,2,10
599,"""leafs""",Entertainment,4,6,11
600,"""csgo""",Entertainment,0,4,2
601,"""fasting""",Lifestyle,0,8,7
602,"""Repsneakers""",Lifestyle,5,5,1
603,"""CostcoCanada""",Other,0,0,7
604,"""NetflixKingdom""",Entertainment,0,4,2
605,"""MovieDetails""",Entertainment,0,3,2
606,"""Residency""",Educational,1,1,4
607,"""halo""",Entertainment,3,2,8
608,"""UAE""",Other,1,1,4
609,"""mountaindew""",Lifestyle,5,5,1
610,"""JapaneseWatches""",Hobbies/Occupations,7,7,0
611,"""DoctorMike""",Entertainment,3,2,8
612,"""streetwear""",Lifestyle,1,1,4
613,"""UNBGBBIIVCHIDCTIICBG""",Other,3,2,8
614,"""GlobalOffensive""",Entertainment,1,10,6
615,"""options""",Lifestyle,2,0,7
616,"""bodybuilding""",Lifestyle,6,0,7
617,"""dannymullen""",Entertainment,5,5,1
618,"""askcarsales""",Discussion,2,0,7
619,"""shopify""",Other,1,1,4
620,"""AUTOMOBILISTA""",Entertainment,2,0,7
621,"""SAIT""",Educational,0,0,7
622,"""facepalm""",Entertainment,6,2,10
623,"""testimonials""",Hobbies/Occupations,5,5,1
624,"""Belgianmemes""",Humor,9,9,3
625,"""DerScheisser""",Other,9,9,3
626,"""ApplyingToCollege""",Educational,1,1,4
627,"""AlbertaHunting""",Hobbies/Occupations,2,0,7
628,"""AskEconomics""",Discussion,3,2,8
629,"""gainit""",Lifestyle,0,0,2
630,"""arabs""",Other,2,3,5
631,"""UofT""",Educational,1,1,4
632,"""uwo""",Educational,0,0,7
633,"""FreeKarma4You""",Other,0,1,2
634,"""soccer""",Entertainment,3,2,8
635,"""Python""",Educational,1,10,6
636,"""BatwomanTV""",Entertainment,3,2,8
637,"""dragonquest""",Entertainment,4,6,11
638,"""cannabiscultivation""",Lifestyle,2,0,7
639,"""corona""",Lifestyle,1,1,4
640,"""CasualConversation""",Discussion,10,8,7
641,"""NEWUOFCSTUDENTS""",Educational,2,0,4
642,"""HistoryMemes""",Humor,2,0,3
643,"""lisathepainfulrpg""",Entertainment,7,7,0
644,"""stocks""",Educational,2,0,7
645,"""TFABLinePorn""",Lifestyle,10,8,7
646,"""MbtiNSFW""",NSFW,4,6,11
647,"""YowamushiPedal""",Entertainment,2,0,7
648,"""SeikoMods""",Hobbies/Occupations,7,7,0
649,"""veterinaryprofession""",Hobbies/Occupations,1,1,4
650,"""RogueCompany""",Entertainment,4,6,11
651,"""buildapcforme""",Hobbies/Occupations,2,0,7
652,"""Gymshark""",Lifestyle,5,5,7
653,"""saab""",Hobbies/Occupations,2,0,7
654,"""personalfinance""",Lifestyle,1,1,4
655,"""AnimalCrossing""",Entertainment,4,6,11
656,"""raisedbynarcissists""",Discussion,4,6,11
657,"""playstation""",Entertainment,2,0,7
658,"""KRCJ""",Other,9,9,3
659,"""XboxSeriesXlS""",Entertainment,3,2,8
660,"""HotGirlSex""",Defunct,0,3,2
661,"""CoronavirusCanada""",Lifestyle,1,1,4
662,"""PokemonGoMystic""",Entertainment,0,3,2
663,"""Rainbow6""",Entertainment,0,0,7
664,"""NintendoSwitch""",Technology,4,6,11
665,"""ipl""",Entertainment,3,0,9
666,"""cemu""",Technology,4,6,11
667,"""CreamHeroes""",Entertainment,9,9,3
668,"""LSD""",Lifestyle,4,0,11
669,"""tarot""",Entertainment,4,6,11
670,"""activision""",Entertainment,8,4,9
671,"""intj""",Lifestyle,4,6,11
672,"""Baking""",Lifestyle,0,0,7
673,"""shoebots""",Technology,5,5,1
